,
.
de
que
la
a
y
el
los
en
es
un
lo
no
con
-
las
para
del
por
una
se
Y
porque
–
Massa
Argentina
al
?
más
Milei
este
como
todos
hacer
eso
tiene
vamos
réplica
derecho
Bullrich
país
va
gobierno
Sergio
le
son
Patricia
si
hay
Por
su
Javier
nos
pero
qué
RODOLFO
Schiaretti
inflación
tener
La
quiero
LUCILA
TRUJILLO
gracias
ser
tenemos
Juan
está
te
debate
nosotros
educación
RAMALLO
ahora
EVANGELINA
%
ESTEBAN
MIROL
les
En
cuando
pregunta
El
fiscal
siempre
Bregman
Myriam
o
esta
van
usted
hace
me
ustedes
BARILI
todo
decir
sobre
años
derechos
candidatos
primer
Gracias
también
argentinos
sin
estamos
dos
verdad
yo
están
ya
tanto
Córdoba
cada
sus
lugar
No
tiempo
ha
fue
JUAN
BULLRICH
hoy
economía
Estado
SCHIARETTI
cambio
MASSA
SERGIO
JAVIER
déficit
nuestra
Banco
donde
segundos
política
puede
durante
PATRICIA
BREGMAN
parte
cómo
cosas
MILEI
vos
turno
han
él
Si
claro
:
gente
otro
vez
poder
entre
Es
terminar
Yo
tipo
todas
voy
millones
pueden
ver
Central
tienen
muy
además
nuestro
libertad
ni
palabra
45
cinco
ese
Macri
Quiero
uno
esa
historia
viene
tengo
minutos
queremos
Fondo
MYRIAM
año
casta
primero
mucho
importante
candidato
empresas
40
Ministro
Nosotros
otra
Muchas
nada
acuerdo
modelo
manera
bloque
desarrollo
orden
fueron
así
candidatas
quien
provincia
solo
chicos
bien
noche
kirchnerismo
económico
sino
momento
Bien
preguntar
pueblo
candidata
trabajadores
acá
Ahora
mejor
nuestros
ley
presidente
mi
pobreza
exposición
muchas
impuestos
tres
convivencia
habla
libre
presupuesto
sistema
BARILLI
noches
nunca
después
tema
nuestras
Lo
”
veces
programa
“
países
dólares
mundo
bajar
hiperinflación
contra
problema
pedido
moneda
trabajo
2023
camino
toda
Congreso
desde
provincias
equilibrio
democrática
escuelas
FMI
menos
8
sea
segundo
ellos
Nación
minuto
lucha
ir
pesos
pibes
seguir
Hoy
digo
única
pública
somos
escuchamos
dice
siendo
hemos
responsabilidad
algunos
Para
AMBA
Aires
mientras
nacional
soy
monetaria
Buenos
esto
estos
mujeres
poner
era
temático
quieren
algo
Los
vas
aquí
desastre
futuro
temas
Santiago
Barrionuevo
hecho
cambiar
humanos
Buenas
responde
DE
cargo
caso
democracia
escuchar
entonces
debates
hizo
Eso
Sí
muchos
plantea
escuela
secundaria
creo
estar
solicitado
primera
lado
solamente
Presidencial
plata
único
valor
crisis
argentina
leyes
Esto
Además
mismo
Muy
hablando
Debate
político
plan
hasta
fuerzas
juicio
realidad
último
cual
haya
Bueno
responder
20
vida
gobernadores
Porque
Pero
Cuando
necesita
últimos
debe
cuatro
haciendo
Cámara
¿por
temáticos
calidad
forma
dar
aquellos
gobiernos
largo
problemas
campaña
hablar
defiende
contar
otros
estás
posibilidad
esos
defender
Mire
¿qué
octubre
Estero
tu
domingo
A
será
Derecho
MIRIAM
Nacional
educativo
posible
cero
planteando
dijo
actual
sectores
medio
puntos
4
debatiendo
beneficios
PBI
dólar
tenés
personas
cosa
poco
pueda
leer
segunda
Así
ronda
Cambio
Juntos
atrás
Morales
fracaso
Justicia
partido
última
dictadura
empresa
humanidad
propuesta
ricos
nadie
días
educativa
sabe
enorme
mismos
argentino
jubilados
buenas
hacerlo
sabemos
decirles
frente
seguridad
sé
políticos
Monetario
fuerza
sociedad
día
presentación
recordamos
respetar
rol
tengan
mí
2
necesitan
importa
¿Sabe
hijo
grandes
Su
cerrar
emisión
deuda
tuvo
pobres
Tenemos
mitad
pone
luz
grieta
Sin
Segundo
peor
